Name,University,Year,Country
Shayan Chashm Jahan,University of Maryland,2024,United States
Phu Binh Nguyen,The University of British Columbia,2024,Canada
Fredrik Ekholm,University of Cambridge,2024,United Kingdom
Matej Urban,University of Cambridge,2024,United Kingdom
Conor Kennedy,Stanford University,2024,United States
Jung Tao Cheng,Stanford University,2024,United States
Nikil Roashan Selvam,Stanford University,2024,United States
Joel Gunawan,The University of British Columbia,2024,Canada
Vincent Ling,The University of British Columbia,2024,Canada
Max Jiang,University of Waterloo,2024,Canada
Ernest Lu,"University of California, Berkeley",2024,United States
Vedant Kumud,"University of California, Berkeley",2024,United States
Youngmin Park,"University of California, Berkeley",2024,United States
Jiyuan Qi,University of Washington,2024,United States
Jun Xing Go,University of Washington,2024,United States
Kaiyuan Liu,University of Washington,2024,United States
Wen Yuen Pang,University of Waterloo,2024,Canada
Kevin Wan,University of Waterloo,2024,Canada
Stanisław Strzelecki,University of California San Diego,2024,United States
Harris Leung,University of Oxford,2024,United Kingdom
Jiangqi Dai,Massachusetts Institute of Technology,2024,United States
Ziqian Zhong,Massachusetts Institute of Technology,2024,United States
Zixiang Zhou,Massachusetts Institute of Technology,2024,United States
Jay Leeds,Swarthmore College,2024,United States
Runze Wang,Swarthmore College,2024,United States
Timothy Mou,Swarthmore College,2024,United States
Thien Udomsrirungruang,University of Oxford,2024,United Kingdom
Zixu He,UNSW Sydney,2024,Australia
Viktor Kozhuharov,University of Oxford,2024,United Kingdom
Andrew Gu,Harvard University,2024,United States
Gabriel Wu,Harvard University,2024,United States
Maxwell Zen,Harvard University,2024,United States
Joseph Luo,UNSW Sydney,2024,Australia
Tsingying Xu,UNSW Sydney,2024,Australia
Shang Zhou,University of California San Diego,2024,United States
Joël Benjamin Huber,University of Cambridge,2024,United Kingdom
Zexing Chen,University of California San Diego,2024,United States
Eric Yang,Rutgers University,2024,United States
Benyu Wang,University of Michigan at Ann Arbor,2024,United States
Tuong Le,University of Michigan at Ann Arbor,2024,United States
Yeyuan Chen,University of Michigan at Ann Arbor,2024,United States
Aaryan Prakash,The University of Texas at Austin,2024,United States
Caleb Hu,The University of Texas at Austin,2024,United States
Mark Wen,The University of Texas at Austin,2024,United States
Nicholas Belov,Rutgers University,2024,United States
Yan Zou,University of Rochester,2024,United States
Thomas Yang,Rutgers University,2024,United States
Omkar Bhalerao,Cornell University,2024,United States
Tenghao Li,Cornell University,2024,United States
Yi Xu,Cornell University,2024,United States
Eric Shao,Columbia University,2024,United States
Colin Galen,University of Maryland,2024,United States
Zeyu Nie,University of Rochester,2024,United States
Cheng-Yuan Lee,University of Maryland,2024,United States
Xiaoou Zhou,University of Rochester,2024,United States
Nicholas Winschel,University of Virginia,2024,United States
Thomas Neill,University of California Irvine,2024,United States
Kevin Yang,Columbia University,2024,United States
Aditya Jain,University of Illinois at Urbana-Champaign,2024,United States
Jiahao Fu,University of Illinois at Urbana-Champaign,2024,United States
Yuuki Sawanoi,University of Illinois at Urbana-Champaign,2024,United States
Chase Hildebrand,University of Virginia,2024,United States
Innokentiy Kaurov,Columbia University,2024,United States
Richard Wang,University of Virginia,2024,United States
Cormac Kikkert,The Australian National University,2024,Australia
Hadyn Tang,The Australian National University,2024,Australia
Elijah Huang,University of California Irvine,2024,United States
Andrew Kerr,The Australian National University,2024,Australia
Jerry Li,University of California Irvine,2024,United States
Daniel Zhang,Georgia Institute of Technology,2023,United States
Thomas Li,University of California San Diego,2023,United States
Devin Qu,Purdue University,2023,United States
Richard Li,Purdue University,2023,United States
Trung Dang,Purdue University,2023,United States
Edward Xiao,Carnegie Mellon University,2023,United States
Jeffrey Chang,Georgia Institute of Technology,2023,United States
Maxwell Zhang,Georgia Institute of Technology,2023,United States
Linhan Yu,Carnegie Mellon University,2023,United States
William Tsin,Carnegie Mellon University,2023,United States
Natalie Longtin,University of Central Florida,2023,United States
Tao He,UNSW Sydney,2023,Australia
Jacob Steinebronn,University of Central Florida,2023,United States
Andy Phan,University of Central Florida,2023,United States
Thomas Guo,Massachusetts Institute of Technology,2023,United States
Siyong Huang,Massachusetts Institute of Technology,2023,United States
Jacob Teo,Massachusetts Institute of Technology,2023,United States
Thomas Draper,Brigham Young University,2023,United States
Spencer Smith,Brigham Young University,2023,United States
Lawry Sorenson,Brigham Young University,2023,United States
Ramazan Rakhmatullin,University of Waterloo,2023,Canada
Andrew Tang,University of Waterloo,2023,Canada
Misha Ivkov,Stanford University,2023,United States
Swapnil Garg,"University of California, Berkeley",2023,United States
Quang Anh Trinh,University of Melbourne,2023,Australia
Phuc Nguyen,University of Melbourne,2023,Australia
William Xi,Stanford University,2023,United States
Zimri Leisher,Carleton College,2023,United States
Luca Araujo,Carleton College,2023,United States
Batmend Batsaikhan,Carleton College,2023,United States
Suraj Mathashery,The University of Texas at Dallas,2023,United States
Mike Nguyen,The University of Texas at Dallas,2023,United States
Evan Bailey,The University of Texas at Dallas,2023,United States
Hoang Giap Vu,University of Melbourne,2023,Australia
Saathvik Selvan,"University of California, Berkeley",2023,United States
Anthony Fetelya,University of Toronto,2023,Canada
Nishant Bhakar,"University of California, Berkeley",2023,United States
Andy van Horssen,University of Oxford,2023,United Kingdom
Yichen Huang,University of Oxford,2023,United Kingdom
Andrew Polizzotto,New York University,2023,United States
Peiliang Liu,New York University,2023,United States
Sparsh Sanchorawala,New York University,2023,United States
Xingjian Bai,University of Oxford,2023,United Kingdom
Matthew Agar,University of Toronto,2023,Canada
Zhenyuan Xiang,University of Toronto,2023,Canada
Jason Liu,University of California Los Angeles,2023,United States
Nikil Roashan Selvam,University of California Los Angeles,2023,United States
Rishi Sankar,University of California Los Angeles,2023,United States
Seba Villalobos,University of Central Florida,2022,United States
Dilhan Salgado,Carnegie Mellon University,2022,United States
Yijun Chen,Carnegie Mellon University,2022,United States
Daniel West,University of Central Florida,2022,United States
Jacob Magnuson,University of Central Florida,2022,United States
Lucas Xia,Stanford University,2022,United States
Konstantin Miagkov,Stanford University,2022,United States
Angus Ritossa,UNSW Sydney,2022,Australia
Spencer Compton,Stanford University,2022,United States
Ali Khosravi,UNSW Sydney,2022,Australia
Aditya Sundaram,Carnegie Mellon University,2022,United States
Marian Dietz,University of Waterloo,2022,Canada
Chris Trevisan,University of Waterloo,2022,Canada
Yu Gao,Georgia Institute of Technology,2022,United States
Jingbang Chen,Georgia Institute of Technology,2022,United States
Nitit Jongsawatsataporn,University of Wisconsin-Madison,2022,United States
Mingrui Liu,University of Wisconsin-Madison,2022,United States
Radostin Chonev,University of Oxford,2022,United Kingdom
Mingyang Deng,Massachusetts Institute of Technology,2022,United States
Anton Trygub,Massachusetts Institute of Technology,2022,United States
Jiajie Lai,Columbia University,2022,United States
Dallas Yan,UNSW Sydney,2022,Australia
Ziyi Zhang,University of Wisconsin-Madison,2022,United States
Kaiheng Dai,Columbia University,2022,United States
Akif Patel,Rutgers University,2022,United States
Phawin Prongpaophan,University of Washington,2022,United States
Nathanon Akkaraphab,University of Washington,2022,United States
Milin Kodnongbua,University of Washington,2022,United States
Weiying Chen,University of Alberta,2022,Canada
Ian DeHaan,University of Alberta,2022,Canada
Peter Jin,Purdue University,2022,United States
Minh Nguyen,Purdue University,2022,United States
Egor Gagushin,Purdue University,2022,United States
Joseph Durie,Rutgers University,2022,United States
Jiacheng Wu,University of Alberta,2022,Canada
Quang Ong,University of Melbourne,2022,Australia
Tautvydas Jasiūnas,University of Cambridge,2022,United Kingdom
Netanya Robinson,University of Melbourne,2022,Australia
Jiawei Li,The University of Texas at Austin,2022,United States
Ruoshi Dai,The University of Texas at Austin,2022,United States
Gediminas Lelesius,University of Cambridge,2022,United Kingdom
Stanley Wei,The University of Texas at Austin,2022,United States
Sean Liu,University of Illinois at Urbana-Champaign,2022,United States
Zhenwei Hu,University of Illinois at Urbana-Champaign,2022,United States
Michael Zhao,University of Melbourne,2022,Australia
Michael Nematollahi,University of Toronto,2021,Canada
Victor Tao,University of Toronto,2021,Canada
Arihant Jain,University of California Los Angeles,2021,United States
Jacob Zhang,University of California Los Angeles,2021,United States
Lucas Xia,University of California Los Angeles,2021,United States
Pengsen Mao,UNSW Sydney,2021,Australia
Temmie Yao,UNSW Sydney,2021,Australia
Riley Borgard,Purdue University,2021,United States
Christopher Lambert,Carnegie Mellon University,2021,United States
Costin-Andrei Oncescu,University of Oxford,2021,United Kingdom
Jerry Mao,Massachusetts Institute of Technology,2021,United States
Xiao Mao,Massachusetts Institute of Technology,2021,United States
Andrew Yang,Carnegie Mellon University,2021,United States
Junwen Tan,University of Michigan at Ann Arbor,2021,United States
Zack Lee,Carnegie Mellon University,2021,United States
Lukas Michel,University of Oxford,2021,United Kingdom
Yui Hin Arvin Leung,University of Cambridge,2021,United Kingdom
Stefan Buliga,University of Oxford,2021,United Kingdom
Ildar Gainullin,University of Waterloo,2021,Canada
Jason Yuen,University of Waterloo,2021,Canada
Wesley Leung,University of Waterloo,2021,Canada
Vladimir Milenkovic,University of Cambridge,2021,United Kingdom
Allen Li,University of Michigan at Ann Arbor,2021,United States
Matthew Tran,Texas A&M University,2021,United States
Ramchandra Apte,University of Michigan at Ann Arbor,2021,United States
Andrew Yuan,Yale University,2021,United States
Bao Tran,University of Rochester,2021,United States
Loc Bui,University of Rochester,2021,United States
Vladimir Maksimovski,University of Rochester,2021,United States
David Zhuang,Northeastern University,2021,United States
Jonathan Hsieh,Northeastern University,2021,United States
Noble Mushtak,Northeastern University,2021,United States
Deyuan Li,Yale University,2021,United States
Dion Stephan Ong,Yale University,2021,United States
Tanapoom Laoaron,University of Wisconsin-Madison,2021,United States
Ziyuan Zhang,University of Wisconsin-Madison,2021,United States
Rahim Mammadli,The University of British Columbia,2021,Canada
Xingyu Zhou,The University of British Columbia,2021,Canada
Dung Bui,University of Wisconsin-Madison,2021,United States
Jason Cannon,University of Alberta,2021,Canada
Naixin Zong,Texas A&M University,2021,United States
Tanner Hoke,Texas A&M University,2021,United States
Salih Bera Sogut,McGill University,2021,Canada
Thien-Trung Vuong,McGill University,2021,Canada
Arvind Ramaswami,Georgia Institute of Technology,2021,United States
Eric Hu,McGill University,2021,Canada
Grayden Price,University of Alberta,2021,Canada
Nitit Jongsawatsataporn,University of Wisconsin - Madison,2020,United States
David Harmeyer,University of Central Florida,2020,United States
Joshua Fair,University of Central Florida,2020,United States
Jirayu Burapacheep,University of Wisconsin - Madison,2020,United States
David Berard,University of British Columbia,2020,Canada
Ziyi Zhang,University of Wisconsin - Madison,2020,United States
Victor Chen,University of British Columbia,2020,Canada
Henry Xia,University of British Columbia,2020,Canada
Franklyn Wang,Harvard University,2020,United States
Moses Mayer,Harvard University,2020,United States
Benjamin Qi,Massachusetts Institute of Technology,2020,United States
Eric Zhang,Harvard University,2020,United States
Zihan Wang,University of Illinois at Urbana-Champaign,2020,United States
Zhuolin Yang,University of Illinois at Urbana-Champaign,2020,United States
Yen-Hsiang Chang,University of Illinois at Urbana-Champaign,2020,United States
Zhezheng Luo,Massachusetts Institute of Technology,2020,United States
Spencer Compton,Massachusetts Institute of Technology,2020,United States
Maja Trela,University of Cambridge,2020,United Kingdom
David Wärn,University of Cambridge,2020,United Kingdom
Kacper Walentynowicz,University of Cambridge,2020,United Kingdom
Golrokh Emami,Stanford University,2020,United States
Andy Shih,Stanford University,2020,United States
Muthukurisil Arivoli,Duke University,2020,United States
Kangmin Tan,University of Southern California,2020,United States
Yuheng Xu,Duke University,2020,United States
Liang Lyu,Duke University,2020,United States
Samuel Zachary,University of Utah,2020,United States
Oliver Flatt,University of Utah,2020,United States
Yi Xu,Purdue University,2020,United States
Tianyi Chen,University of Southern California,2020,United States
Igor Durovic,University of Utah,2020,United States
Adhyyan Sekhsaria,University of Southern California,2020,United States
Darrin Wiley,The University of Texas at Dallas,2020,United States
An Nguyen,The University of Texas at Dallas,2020,United States
Yibo Huang,Virginia Tech,2020,United States
Benjamin Reidys,Virginia Tech,2020,United States
Alexander Lind,Virginia Tech,2020,United States
Peter Kwak,The University of Texas at Dallas,2020,United States
Nikola Danevski,University of Rochester,2020,United States
Edward Chen,The University of Auckland,2019,New Zealand
Victor Cyril L Lecomte,Columbia University,2019,United States
Jiacheng Liu,University of Illinois at Urbana-Champaign,2019,United States
Lan Dao,University of Illinois at Urbana-Champaign,2019,United States
Zexuan Zhong,University of Illinois at Urbana-Champaign,2019,United States
Austin Tankiang,The University of New South Wales,2019,Australia
Qingchuan Zhang,The University of Auckland,2019,New Zealand
Samuel Dobson,The University of Auckland,2019,New Zealand
Adrian Goldwaser,The University of New South Wales,2019,Australia
Declan McDonnell,The University of New South Wales,2019,Australia
Aditya Shah,Columbia University,2019,United States
Bicheng Gao,Columbia University,2019,United States
Pengda Xiang,University of Southern California,2019,United States
Chenhui Zhu,University of Southern California,2019,United States
Changyu Zhu,University of Southern California,2019,United States
Yiquan Wang,Carnegie Mellon University,2019,United States
Matthew Savage,Carnegie Mellon University,2019,United States
Corwin de Boor,Carnegie Mellon University,2019,United States
Yuping Luo,Princeton University,2019,United States
Xingyuan Sun,Princeton University,2019,United States
Dingli Yu,Princeton University,2019,United States
Yifan Liu,University of Chicago,2019,United States
Da Wei Zheng,University of British Columbia,2019,Canada
Brandon Zhang,University of British Columbia,2019,Canada
Xifan Yu,University of Chicago,2019,United States
Sampriti Panda,Drexel University,2019,United States
Zixuan Zhao,University of Chicago,2019,United States
Chenwei Wu,Duke University,2019,United States
Joakim Blikstad,University of Waterloo,2019,Canada
Trieu Hung Tran,University of Nebraska - Lincoln,2019,United States
Khang Phan,University of Nebraska - Lincoln,2019,United States
Dannier Li,University of Nebraska - Lincoln,2019,United States
Zeyuan He,University of Wisconsin - Madison,2019,United States
Shirui Chen,University of Wisconsin - Madison,2019,United States
Bryan Jin,University of Wisconsin - Madison,2019,United States
Samuel Reinehr,Colorado School of Mines,2019,United States
Matthew Baldin,Colorado School of Mines,2019,United States
Joseph McKinsey,Colorado School of Mines,2019,United States
Theodore Vickery,The University of Western Australia,2019,Australia
Nicholas O'Callaghan,The University of Western Australia,2019,Australia
Alexander Thatcher,The University of Western Australia,2019,Australia
Harun Gunaydin,Drexel University,2019,United States
Duy Nguyen,Drexel University,2019,United States
Michael Pfeifer,South Dakota School of Mines and Technology,2019,United States
Luke Videckis,South Dakota School of Mines and Technology,2019,United States
Alexander Iverson,South Dakota School of Mines and Technology,2019,United States
Xiang Wang,Duke University,2019,United States
Kangning Wang,Duke University,2019,United States
Sean Purcell,University of Waterloo,2019,Canada
Yang Liu,Stanford University,2019,United States
Zoltán Molnár Sáska,University of Cambridge,2019,United Kingdom
Andrew He,Massachusetts Institute of Technology,2019,United States
Kevin Sun,Massachusetts Institute of Technology,2019,United States
Yinzhan Xu,Massachusetts Institute of Technology,2019,United States
Alex Tatomir,University of Oxford,2019,United Kingdom
Jeck Lim,University of Cambridge,2019,United Kingdom
Daniel Chiu,Harvard University,2019,United States
Ryan Rice,The University of Texas at Austin,2019,United States
Eric Xu,Stanford University,2019,United States
Supawit Chockchowwat,The University of Texas at Austin,2019,United States
Wenli Looi,Stanford University,2019,United States
Ethan Arnold,The University of Texas at Austin,2019,United States
Pranay Tankala,Harvard University,2019,United States
Peilin Zhong,Columbia University,2018,United States
Suchir Balaji,University of California at Berkeley,2018,United States
Dimitrije Erdeljan,University of Cambridge,2018,United Kingdom
Dušan Živanović,University of Cambridge,2018,United Kingdom
Marko Stanković,University of Cambridge,2018,United Kingdom
Andrei-Costin Constantinescu,University of Oxford,2018,United Kingdom
George Chichirim,University of Oxford,2018,United Kingdom
Tamio-Vesa Nakajima,University of Oxford,2018,United Kingdom
Haomin Long,Columbia University,2018,United States
Ying Sheng,Columbia University,2018,United States
Gregory Zhang,University of British Columbia,2018,Canada
Lucca Siaudzionis,University of British Columbia,2018,Canada
Aman Karunakaran,University of Michigan at Ann Arbor,2018,United States
Lawrence Wu,University of Michigan at Ann Arbor,2018,United States
Nathan Fenner,University of Michigan at Ann Arbor,2018,United States
Arnav Sastry,The University of Texas at Austin,2018,United States
Daniel Talamas Cano,The University of Texas at Austin,2018,United States
Alexander Dai,University of California at Berkeley,2018,United States
Dongxiao Yu,University of California at Berkeley,2018,United States
Mohammad Huda,The University of New South Wales,2018,Australia
Oliver Fisher,The University of New South Wales,2018,Australia
Ray Li,The University of New South Wales,2018,Australia
Alexander Coleman,University of Central Florida,2018,United States
Eric Ly,University of Central Florida,2018,United States
Timothy Buzzelli,University of Central Florida,2018,United States
Allen Liu,Massachusetts Institute of Technology,2018,United States
Yang Liu,Massachusetts Institute of Technology,2018,United States
Raymond Kang,Carnegie Mellon University,2018,United States
Hubert Teo,Stanford University,2018,United States
Yuetong Wang,Stanford University,2018,United States
Huy Truong Nam Nguyen,Harvard University,2018,United States
Rafail Ketsetsidis,Harvard University,2018,United States
Adam Barth,Virginia Tech,2018,United States
Daniel Moyer,Virginia Tech,2018,United States
Matthew Schallenkamp,South Dakota School of Mines and Technology,2018,United States
David Liao,University of Pennsylvania,2018,United States
Zhan Xiong Chin,University of Pennsylvania,2018,United States
Sam Heil,Washington University in St. Louis,2018,United States
Zachary Glick,Washington University in St. Louis,2018,United States
Zuohan Xiahou,Washington University in St. Louis,2018,United States
Eric Williamson,Virginia Tech,2018,United States
Andrew Stelter,South Dakota School of Mines and Technology,2018,United States
Jason Zou,University of Maryland,2018,United States
Mohammad Amin Ghiasi,University of Maryland,2018,United States
Ramasai Tadepalli,University of Maryland,2018,United States
Ridge Shrubsall,The University of Western Australia,2018,Australia
Brian Hirsh,University of Pennsylvania,2018,United States
Yuxin Sun,University of Wisconsin - Madison,2018,United States
Xiyao Shi,University of Illinois at Urbana-Champaign,2018,United States
Di Chen,Cornell University,2018,United States
Siqiu Yao,Cornell University,2018,United States
Yan Ji,Cornell University,2018,United States
Qinmao Zhang,Rose-Hulman Institute of Technology,2018,United States
Xingfang Yuan,Rose-Hulman Institute of Technology,2018,United States
Sichao Yang,University of Wisconsin - Madison,2018,United States
Shunping Xie,University of Illinois at Urbana-Champaign,2018,United States
Tianwei Xu,University of Illinois at Urbana-Champaign,2018,United States
Yilun Wu,Rose-Hulman Institute of Technology,2018,United States
Allee Zarrini,Colorado School of Mines,2018,United States
Ahmed Sabie,University of Waterloo,2018,Canada
Renato Ferreira Pinto Junior,University of Waterloo,2018,Canada
Yesung Jung,University of Waterloo,2018,Canada
Changtian Sun,University of Wisconsin - Madison,2018,United States
Pengning Chao,Washington University in St. Louis,2017,United States
Dragos-Florian Ristache,Cornell University,2017,United States
Ioana-Maria Tamas,Cornell University,2017,United States
Matthew Gharrity,Cornell University,2017,United States
Andriy Katkov,Virginia Tech,2017,United States
Christopher Wu,Virginia Tech,2017,United States
Andy Shih,University of California Los Angeles,2017,United States
Jerry Li,University of California Los Angeles,2017,United States
Ruichao Chen,University of California at Berkeley,2017,United States
Konstantin Miagkov,University of California Los Angeles,2017,United States
Ingkarat Rak-amnouykit,University of Wisconsin - Madison,2017,United States
Krittisak Chaiyakul,University of Wisconsin - Madison,2017,United States
Songwong Tasneeyapant,University of Wisconsin - Madison,2017,United States
Liangjian Chen,University of California Irvine,2017,United States
Pasha Khosravi,University of California Irvine,2017,United States
Waitaya Krongapiradee,University of California Irvine,2017,United States
Daniel Anderson,Monash University,2017,Australia
Peter Whalan,Monash University,2017,Australia
Joseph Woodson,Washington University in St. Louis,2017,United States
Keyhan Vakil,University of California at Berkeley,2017,United States
Joshua Linge,University of Central Florida,2017,United States
Hadi Yami,University of Maryland,2017,United States
Antonio Molina Lovett,University of Waterloo,2017,Canada
Jacob Jackson,University of Waterloo,2017,Canada
Yi Kuan Li,University of Waterloo,2017,Canada
Jason Chiu,University of British Columbia,2017,Canada
Evan Limanto,University of California at Berkeley,2017,United States
Yuanchen Du,University of British Columbia,2017,Canada
Haoran Xu,Massachusetts Institute of Technology,2017,United States
Yuzhou Gu,Massachusetts Institute of Technology,2017,United States
Daniel Rubery,University of Rochester,2017,United States
Jackson Abascal,University of Rochester,2017,United States
Zachary Polansky,University of Rochester,2017,United States
Xin Wei Chow,Monash University,2017,Australia
Peter Steele,Virginia Tech,2017,United States
Mahsa Derakhshan,University of Maryland,2017,United States
William Fiset,Mount Allison University,2017,Canada
Morgan Redshaw,University of Alberta,2017,Canada
Noah Weninger,University of Alberta,2017,Canada
Yunpeng Tang,University of Alberta,2017,Canada
Jonathan Easterday,Cedarville University,2017,United States
Nathan Harold,Cedarville University,2017,United States
Timothy Smith,Cedarville University,2017,United States
Micah Stairs,Mount Allison University,2017,Canada
Thomas Lidbetter,Mount Allison University,2017,Canada
Ben Erickson,The University of South Dakota,2017,United States
Rodrigo Ornelas Vargas,University of Pennsylvania,2017,United States
Kurtis Van Gent,The University of South Dakota,2017,United States
Mitchell Peterson,The University of South Dakota,2017,United States
Matthew Dyke,South Dakota School of Mines and Technology,2017,United States
Ian Gottshall,Iowa State University,2017,United States
Jacob Perin,Iowa State University,2017,United States
Shuhao Tan,University of Maryland,2017,United States
Yuxiang Zhang,Iowa State University,2017,United States
Arman Tokanov,University of Pennsylvania,2017,United States
Sauyon Lee,University of Oxford,2017,United Kingdom
Tianci Wang,University of Michigan at Ann Arbor,2017,United States
Ruohong Zhang,Northwestern University,2017,United States
Yiding Feng,Northwestern University,2017,United States
Tong Li,University of Illinois at Urbana-Champaign,2017,United States
Yewen Fan,University of Illinois at Urbana-Champaign,2017,United States
Yuting Zhang,University of Illinois at Urbana-Champaign,2017,United States
Hristo Venev,University of Oxford,2017,United Kingdom
Mihail Jianu,University of Oxford,2017,United Kingdom
Abhratanu Dutta,Northwestern University,2017,United States
Eric Schneider,Princeton University,2017,United States
Kalina Petrova,Princeton University,2017,United States
Victor Xu,Princeton University,2017,United States
Alex Meed,The University of Texas at Austin,2017,United States
Brian Richer,The University of Texas at Austin,2017,United States
Curtis Fenner,University of Michigan at Ann Arbor,2017,United States
Andrei Dumitru,Illinois Institute of Technology,2016,United States
Todor Markov,Illinois Institute of Technology,2016,United States
Benjamin Grimmer,Illinois Institute of Technology,2016,United States
Visit Pataranutaporn,Rice University,2016,United States
Dustin Pho,Virginia Tech,2016,United States
Yuehui Wang,University of Southern California,2016,United States
Ho Ching Justin Cheng,University of Southern California,2016,United States
Daaron Chiu,The University of New South Wales,2016,Australia
Zekun Li,University of Southern California,2016,United States
Naomi Rubin,Carnegie Mellon University,2016,United States
Joshua Lau,The University of New South Wales,2016,Australia
BatOrgil Batsaikhan,University of Minnesota - Twin Cities,2016,United States
Hidenori Shinohara,University of Minnesota - Twin Cities,2016,United States
Lucas Knutson,University of Minnesota - Twin Cities,2016,United States
Jose Carlos Vera-Garza,Rice University,2016,United States
Philip Taffet,Rice University,2016,United States
Stephen Royal,University of Central Florida,2016,United States
Yi Feng Huang,University of Waterloo,2016,Canada
Calvin Deng,Harvard University,2016,United States
Johnny Ho,Harvard University,2016,United States
Scott Wu,Harvard University,2016,United States
Brian Chen,Massachusetts Institute of Technology,2016,United States
Steven Hao,Massachusetts Institute of Technology,2016,United States
Evan Dorundo,University of Central Florida,2016,United States
Joshua Alman,Stanford University,2016,United States
Michael Kirsche,University of Central Florida,2016,United States
Pasin Manurangsi,University of California at Berkeley,2016,United States
Weiqiao Han,University of California at Berkeley,2016,United States
Jake Silverman,Cornell University,2016,United States
Sakethnath Are,Cornell University,2016,United States
Victor Reis,Cornell University,2016,United States
Xinyu Wu,Carnegie Mellon University,2016,United States
Mihai Andreescu,University of Chicago,2016,United States
Nikolas Anderson,University of Chicago,2016,United States
Daniel Andrus,South Dakota School of Mines and Technology,2016,United States
Siwakorn Srisakaokul,University of Illinois at Urbana-Champaign,2016,United States
Xin Gao,University of Illinois at Urbana-Champaign,2016,United States
Liam Machado,University of Utah,2016,United States
William Li,University of Utah,2016,United States
Alec Grieser,University of Virginia,2016,United States
Derek Morris,University of Virginia,2016,United States
Dayton Ellwanger,University of North Carolina at Chapel Hill,2016,United States
Rachel Krohn,South Dakota School of Mines and Technology,2016,United States
Andrew Gozzard,The University of Western Australia,2016,Australia
Emma Krantz,The University of Western Australia,2016,Australia
Max Ward-Graham,The University of Western Australia,2016,Australia
Scott Shi,University of Chicago,2016,United States
Forrest Li,University of North Carolina at Chapel Hill,2016,United States
Andrew Norton,University of Virginia,2016,United States
David Spencer,University of North Carolina at Chapel Hill,2016,United States
Taokun Zheng,California Institute of Technology,2016,United States
Posdarascu Eugenie Daniel,Imperial College London,2016,United Kingdom
Yordan Chaparov,Imperial College London,2016,United Kingdom
Brian Chau,University of British Columbia,2016,Canada
Hung li Chen,University of British Columbia,2016,Canada
Mihai Popa,Imperial College London,2016,United Kingdom
Jacob Smith,Iowa State University,2016,United States
Jian Wang,Ohio State University,2016,United States
Nathan De Graaf,Iowa State University,2016,United States
Albert Gural,California Institute of Technology,2016,United States
Te Zhang,Ohio State University,2016,United States
Ching Yun Hsu,California Institute of Technology,2016,United States
Dingkang Wang,Ohio State University,2016,United States
Kevin Tran,The University of New South Wales,2015,Australia
John Boswell,University of Central Florida,2015,United States
Tyler Brazill,University of Central Florida,2015,United States
Chun Wu,University of Michigan at Ann Arbor,2015,United States
Yujie An,University of Michigan at Ann Arbor,2015,United States
Zhongtian Jiang,Georgia Institute of Technology,2015,United States
Zhou Sun,University of Michigan at Ann Arbor,2015,United States
Menghui Wang,University of Wisconsin - Madison,2015,United States
Yujin Wu,The University of New South Wales,2015,Australia
Andrew Morgan,University of Wisconsin - Madison,2015,United States
Bryce Sandlund,University of Wisconsin - Madison,2015,United States
Chuanqi Shen,Stanford University,2015,United States
Kaidi Yan,Stanford University,2015,United States
Lingxiao Li,Stanford University,2015,United States
Ed Kim,Northwestern University,2015,United States
Siyuan Cai,Northwestern University,2015,United States
Hanjun Dai,Georgia Institute of Technology,2015,United States
Yijie Wang,Georgia Institute of Technology,2015,United States
Sina Dehghani,University of Maryland,2015,United States
William Cooperman,Carnegie Mellon University,2015,United States
Yi Wu,University of California at Berkeley,2015,United States
Ali-Amir Aldan,Massachusetts Institute of Technology,2015,United States
Szu-Po Wang,Massachusetts Institute of Technology,2015,United States
Deon Nicholas,University of Waterloo,2015,Canada
Geoffry Song,University of Waterloo,2015,Canada
Volodymyr Lyubinets,University of Waterloo,2015,Canada
David Liu,Harvard University,2015,United States
Gaoyuan Chen,University of Southern California,2015,United States
Ruixin Qiang,University of Southern California,2015,United States
Xinpei Yu,University of Southern California,2015,United States
Chaoshuai Lu,University of California Los Angeles,2015,United States
Hao Chen,University of California Los Angeles,2015,United States
Xin Gao,University of California Los Angeles,2015,United States
Jason Li,Carnegie Mellon University,2015,United States
Zeyu Wang,Northwestern University,2015,United States
Luhang Lai,University of California at Berkeley,2015,United States
Soheil Ehsani Banafati,University of Maryland,2015,United States
Wen Li Looi,University of Calgary,2015,Canada
Trevor Boone,Iowa State University,2015,United States
Tyler Uhlenkamp,Iowa State University,2015,United States
Mijia Jiang,University of Minnesota - Twin Cities,2015,United States
Aryaz Eghbali,University of Calgary,2015,Canada
Karl Augsten,University of Calgary,2015,Canada
Xi Yi,University of Maryland,2015,United States
Nick Merritt,Rice University,2015,United States
Marcus Upton,Messiah College,2015,United States
Nathan Chaney,Messiah College,2015,United States
Zachary Felix,Messiah College,2015,United States
Kenneth Schiller,Carleton College,2015,United States
Marielle Foster,Carleton College,2015,United States
Matt Cotter,Carleton College,2015,United States
Rafael Marinheiro,Cornell University,2015,United States
Eduardo Ferreira,Cornell University,2015,United States
Jeremy Archer,University of Chicago,2015,United States
Jon Schneider,Princeton University,2015,United States
Siddhartha Jayanti,Princeton University,2015,United States
Andrew Haigh,The Australian National University,2015,Australia
Benedict Morrissey,The Australian National University,2015,Australia
Dmitry Brizhinev,The Australian National University,2015,Australia
Joon Young Seo,University of Illinois at Urbana-Champaign,2015,United States
Ruihan Shan,University of Illinois at Urbana-Champaign,2015,United States
Timothy Smith,University of Illinois at Urbana-Champaign,2015,United States
Benjamin Pruett,Virginia Tech,2015,United States
Miraziz Yusupov,Virginia Tech,2015,United States
Nicholas Sharp,Virginia Tech,2015,United States
Ben Ritter,The University of Western Australia,2015,Australia
Eliot Courtney,The University of Western Australia,2015,Australia
Michael Martis,The University of Western Australia,2015,Australia
Charles Koenig,University of Chicago,2015,United States
Harrison Weigel,University of Chicago,2015,United States
Biye Jiang,University of California at Berkeley,2015,United States
