Name,Country,University,Year,Source
Aaryan Prakash,United States,The University of Texas at Austin,2024,ICPC
Abhratanu Dutta,United States,Northwestern University,2017,ICPC
Adam Ardeishar,United States,,2018,IMO
Adam Barth,United States,Virginia Tech,2018,ICPC
Adavya Goyal,United Kingdom,,2024,IOI
Adhyyan Sekhsaria,United States,University of Southern California,2020,ICPC
Aditya Jain,United States,University of Illinois at Urbana-Champaign,2024,ICPC
Aditya Shah,United States,Columbia University,2019,ICPC
Aditya Sundaram,United States,Carnegie Mellon University,2022,ICPC
Adrian Goldwaser,Australia,The University of New South Wales,2019,ICPC
Agnijo Banerjee,United Kingdom,,2018,IMO
Ahmed Sabie,Canada,University of Waterloo,2018,ICPC
Akif Patel,United States,Rutgers University,2022,ICPC
Alan Li,New Zealand,,2019,IMO
Albert Gural,United States,California Institute of Technology,2016,ICPC
Albert Smith,Australia,,2018,IOI
Alec Grieser,United States,University of Virginia,2016,ICPC
Alex Chui,United Kingdom,,2024,IMO
Alex Darby,United Kingdom,,2019,IMO
Alex Meed,United States,The University of Texas at Austin,2017,ICPC
Alex Qiu,Australia,,2024,IMO
Alex Tatomir,United Kingdom,University of Oxford,2019,ICPC
Alex Zhao,United States,,2023,IMO
Alexander Coleman,United States,University of Central Florida,2018,ICPC
Alexander Dai,United States,University of California at Berkeley,2018,ICPC
Alexander Gunning,Australia,,2015,IMO
Alexander Iverson,United States,South Dakota School of Mines and Technology,2019,ICPC
Alexander Lind,United States,Virginia Tech,2020,ICPC
Alexander Song,United Kingdom,,2017,IMO
Alexander Thatcher,Australia,The University of Western Australia,2019,ICPC
Alexander Wang,United States,,2024,IMO
Alexander Whatley,Canada,,2015,IMO
Ali Khosravi,Australia,UNSW Sydney,2022,ICPC
Ali-Amir Aldan,United States,Massachusetts Institute of Technology,2015,ICPC
Allee Zarrini,United States,Colorado School of Mines,2018,ICPC
Allen Li,United States,University of Michigan at Ann Arbor,2021,ICPC
Allen Liu,United States,Massachusetts Institute of Technology,2016,ICPC
Allen Pei,Canada,,2022,IOI
Aman Karunakaran,United States,University of Michigan at Ann Arbor,2018,ICPC
Amber Li,Australia,,2024,IMO
An Nguyen,United States,The University of Texas at Dallas,2020,ICPC
Anango Prabhat,United Kingdom,,2024,IOI
Anatol Coen,New Zealand,,2023,IOI
Andrei Dumitru,United States,Illinois Institute of Technology,2016,ICPC
Andrei-Costin Constantinescu,United Kingdom,University of Oxford,2018,ICPC
Andres David Buritica Monroy,Australia,,2021,IMO
Andrew Gozzard,Australia,The University of Western Australia,2016,ICPC
Andrew Gu,United States,Harvard University,2022,ICPC
Andrew Haigh,Australia,The Australian National University,2015,ICPC
Andrew He,United States,Massachusetts Institute of Technology,2019,ICPC
Andrew Kerr,Australia,The Australian National University,2024,ICPC
Andrew Lin,Canada,,2016,IMO
Andrew Morgan,United States,University of Wisconsin - Madison,2015,ICPC
Andrew Norton,United States,University of Virginia,2016,ICPC
Andrew Polizzotto,United States,New York University,2023,ICPC
Andrew Stelter,United States,South Dakota School of Mines and Technology,2018,ICPC
Andrew Tang,Canada,University of Waterloo,2023,ICPC
Andrew Yang,United States,Carnegie Mellon University,2021,ICPC
Andrew Yian Chen,New Zealand,,2018,IMO
Andrew Yuan,United States,Yale University,2021,ICPC
Andriy Katkov,United States,Virginia Tech,2017,ICPC
Andy Phan,United States,University of Central Florida,2023,ICPC
Andy Shih,United States,Stanford University,2017,ICPC
Andy van Horssen,United Kingdom,University of Oxford,2023,ICPC
Angus Ritossa,Australia,UNSW Sydney,2019,ICPC
Ankan Bhattacharya,United States,,2017,IMO
Ankit Bisain,United States,,2021,IMO
Anthony Fetelya,Canada,University of Toronto,2023,ICPC
Anton Trygub,United States,Massachusetts Institute of Technology,2022,ICPC
Antoni Pilat,United Kingdom,,2021,IOI
Antonio Molina Lovett,Canada,University of Waterloo,2017,ICPC
Arihant Jain,United States,University of California Los Angeles,2021,ICPC
Arman Tokanov,United States,University of Pennsylvania,2017,ICPC
Arnav Sastry,United States,The University of Texas at Austin,2018,ICPC
Aron Thomas,United Kingdom,,2020,IMO
Arthur Conmy,United Kingdom,,2019,IOI
Arthur Wenqi Sun,Australia,,2023,IOI
Arvin Sahami,Canada,,2021,IMO
Arvind Ramaswami,United States,Georgia Institute of Technology,2021,ICPC
Aryaz Eghbali,Canada,University of Calgary,2015,ICPC
Ashwin Sah,United States,,2016,IMO
Austin Tankiang,Australia,The University of New South Wales,2019,ICPC
Ava Pun,Canada,,2018,IOI
Bao Tran,United States,University of Rochester,2021,ICPC
Barnard Patel,New Zealand,,2016,IMO
Basim Khajwal,United Kingdom,,2018,IOI
BatOrgil Batsaikhan,United States,University of Minnesota - Twin Cities,2016,ICPC
Batmend Batsaikhan,United States,Carleton College,2023,ICPC
Belinda Shi,Australia,,2016,IOI
Ben Erickson,United States,The University of South Dakota,2017,ICPC
Ben Ritter,Australia,The University of Western Australia,2015,ICPC
Benedek Szilvasy,United Kingdom,,2021,IOI
Benedict Morrissey,Australia,The Australian National University,2015,ICPC
Benedict Randall Shaw,United Kingdom,,2019,IMO
Benjamin Gillott,United Kingdom,,2022,IMO
Benjamin Grimmer,United States,Illinois Institute of Technology,2016,ICPC
Benjamin Pruett,United States,Virginia Tech,2015,ICPC
Benjamin Qi,United States,Massachusetts Institute of Technology,2020,ICPC
Benjamin Reidys,United States,Virginia Tech,2020,ICPC
Benjamin Smith,New Zealand,,2021,IOI
Benyu Wang,United States,University of Michigan at Ann Arbor,2024,ICPC
Bicheng Gao,United States,Columbia University,2019,ICPC
Biye Jiang,United States,University of California at Berkeley,2015,ICPC
Boning Dai,New Zealand,,2024,IMO
Brandon Wang,United States,,2019,IMO
Brandon Zhang,Canada,University of British Columbia,2019,ICPC
Brena Merz,New Zealand,,2022,IMO
Brian Chau,Canada,University of British Columbia,2016,ICPC
Brian Chen,United States,Massachusetts Institute of Technology,2016,ICPC
Brian Hirsh,United States,University of Pennsylvania,2018,ICPC
Brian Richer,United States,The University of Texas at Austin,2017,ICPC
Bryan Jin,United States,University of Wisconsin - Madison,2019,ICPC
Bryce Sandlund,United States,University of Wisconsin - Madison,2015,ICPC
Brynly Mitchell,Australia,,2021,IOI
Bufan Zhao,New Zealand,,2023,IMO
Byung Hoon Cho,New Zealand,,2015,IOI
Bálint Rózsa,Canada,,2024,IOI
Caleb Hu,United States,The University of Texas at Austin,2024,ICPC
Calvin Deng,United States,Harvard University,2016,ICPC
Changtian Sun,United States,University of Wisconsin - Madison,2018,ICPC
Changyu Zhu,United States,University of Southern California,2019,ICPC
Chaoshuai Lu,United States,University of California Los Angeles,2015,ICPC
Charles Dacheng Li,Australia,,2018,IMO
Charles Jameson,Australia,,2017,IOI
Charles Koenig,United States,University of Chicago,2015,ICPC
Chase Hildebrand,United States,University of Virginia,2024,ICPC
Cheng-Yuan Lee,United States,University of Maryland,2024,ICPC
Chenhui Zhu,United States,University of Southern California,2019,ICPC
Chenwei Wu,United States,Duke University,2019,ICPC
Ching Yun Hsu,United States,California Institute of Technology,2016,ICPC
Chris Pan,New Zealand,,2024,IMO
Chris Trevisan,Canada,University of Waterloo,2022,ICPC
Christopher Brown,New Zealand,,2016,IOI
Christopher Lambert,United States,Carnegie Mellon University,2021,ICPC
Christopher Tran,Australia,,2023,IMO
Christopher Trevisan,Canada,,2021,IOI
Christopher Wu,United States,Virginia Tech,2017,ICPC
Chuanqi Shen,United States,Stanford University,2015,ICPC
Chuanye Chen,New Zealand,,2016,IOI
Chun Wu,United States,University of Michigan at Ann Arbor,2015,ICPC
Cloris Xu,Australia,,2024,IMO
Colin Galen,United States,University of Maryland,2024,ICPC
Colin Shanmo Tang,United States,,2019,IMO
Conor Kennedy,United States,Stanford University,2024,ICPC
Cormac Kikkert,Australia,The Australian National University,2024,ICPC
Corwin de Boor,United States,Carnegie Mellon University,2019,ICPC
Costin-Andrei Oncescu,United Kingdom,University of Oxford,2021,ICPC
Curtis Fenner,United States,University of Michigan at Ann Arbor,2017,ICPC
Da Wei Zheng,Canada,University of British Columbia,2019,ICPC
Daaron Chiu,Australia,The University of New South Wales,2016,ICPC
Dallas Yan,Australia,UNSW Sydney,2022,ICPC
Daniel Anderson,Australia,Monash University,2017,ICPC
Daniel Andrus,United States,South Dakota School of Mines and Technology,2016,ICPC
Daniel Chiu,United States,Harvard University,2019,ICPC
Daniel Moyer,United States,Virginia Tech,2018,ICPC
Daniel Naylor,United Kingdom,,2021,IMO
Daniel Rubery,United States,University of Rochester,2017,ICPC
Daniel Talamas Cano,United States,The University of Texas at Austin,2018,ICPC
Daniel West,United States,University of Central Florida,2022,ICPC
Daniel Ye,Canada,,2024,IOI
Daniel Zhang,United States,Georgia Institute of Technology,2023,ICPC
Daniel Zhu,United States,,2019,IMO
Dannier Li,United States,University of Nebraska - Lincoln,2019,ICPC
Darrin Wiley,United States,The University of Texas at Dallas,2020,ICPC
David Berard,Canada,University of British Columbia,2020,ICPC
David Harmeyer,United States,University of Central Florida,2020,ICPC
David Liao,United States,University of Pennsylvania,2018,ICPC
David Liu,United States,Harvard University,2015,ICPC
David Shah,United Kingdom,,2015,IOI
David Spencer,United States,University of North Carolina at Chapel Hill,2016,ICPC
David Stoner,United States,,2015,IMO
David Tang,Canada,,2020,IMO
David Wärn,United Kingdom,University of Cambridge,2020,ICPC
David Zhuang,United States,Northeastern University,2021,ICPC
Dawn Chen,New Zealand,,2024,IMO
Dayton Ellwanger,United States,University of North Carolina at Chapel Hill,2016,ICPC
Declan McDonnell,Australia,The University of New South Wales,2016,ICPC
Deon Nicholas,Canada,University of Waterloo,2015,ICPC
Derek Liu,United States,,2023,IMO
Derek Morris,United States,University of Virginia,2016,ICPC
Devin Qu,United States,Purdue University,2023,ICPC
Deyuan Li,United States,Yale University,2021,ICPC
Dhruv Basu,Canada,,2023,IMO
Di Chen,United States,Cornell University,2018,ICPC
Dilhan Salgado,United States,Carnegie Mellon University,2022,ICPC
Dimitrije Erdeljan,United Kingdom,University of Cambridge,2018,ICPC
Dingkang Wang,United States,Ohio State University,2016,ICPC
Dingli Yu,United States,Princeton University,2019,ICPC
Dion Stephan Ong,United States,Yale University,2021,ICPC
Dmitry Brizhinev,Australia,The Australian National University,2015,ICPC
Dongxiao Yu,United States,University of California at Berkeley,2018,ICPC
Dragos-Florian Ristache,United States,Cornell University,2017,ICPC
Dung Bui,United States,University of Wisconsin-Madison,2021,ICPC
Dustin Pho,United States,Virginia Tech,2016,ICPC
Duy Nguyen,United States,Drexel University,2019,ICPC
Dušan Živanović,United Kingdom,University of Cambridge,2018,ICPC
Ed Kim,United States,Northwestern University,2015,ICPC
Edgar Wang,Canada,,2020,IMO
Eduardo Ferreira,United States,Cornell University,2015,ICPC
Edward Chen,New Zealand,The University of Auckland,2019,ICPC
Edward Wan,United States,,2019,IMO
Edward Xiao,Canada,,2022,IOI
Edward Xiao,United States,Carnegie Mellon University,2023,ICPC
Egor Gagushin,United States,Purdue University,2022,ICPC
Elijah Huang,United States,University of California Irvine,2024,ICPC
Eliot Courtney,Australia,The University of Western Australia,2015,ICPC
Emily Ma,Canada,,2024,IMO
Emma Krantz,Australia,The University of Western Australia,2016,ICPC
Erekle Roinishvili,United Kingdom,,2023,IOI
Eric Hu,Canada,McGill University,2021,ICPC
Eric Lee,New Zealand,,2022,IMO
Eric Liang,New Zealand,,2023,IMO
Eric Ly,United States,University of Central Florida,2018,ICPC
Eric Schneider,United States,Princeton University,2017,ICPC
Eric Shao,United States,Columbia University,2024,ICPC
Eric Shen,Canada,,2021,IMO
Eric Shen,United States,,2023,IMO
Eric Song,New Zealand,,2019,IOI
Eric Williamson,United States,Virginia Tech,2018,ICPC
Eric Xu,United States,Stanford University,2019,ICPC
Eric Yang,United States,Rutgers University,2024,ICPC
Eric Zhang,United States,Harvard University,2020,ICPC
Ernest Lu,United States,"University of California, Berkeley",2024,ICPC
Ethan Arnold,United States,The University of Texas at Austin,2019,ICPC
Ethan Ng,New Zealand,,2020,IMO
Ethan Yong-Ern Tan,Australia,,2018,IMO
Euan Ong,United Kingdom,,2020,IOI
Euan Tebbutt,United Kingdom,,2017,IOI
Evan Bailey,United States,The University of Texas at Dallas,2023,ICPC
Evan Dorundo,United States,University of Central Florida,2016,ICPC
Evan Limanto,United States,University of California at Berkeley,2017,ICPC
Evan Lin,Australia,,2023,IOI
Evan Lu,Canada,,2022,IMO
Farbod Yadegarian,Canada,,2016,IOI
Forrest Li,United States,University of North Carolina at Chapel Hill,2016,ICPC
Fox Thomson,United Kingdom,,2018,IOI
Franklyn Wang,United States,Harvard University,2020,ICPC
Fredrik Ekholm,United Kingdom,University of Cambridge,2024,ICPC
Fredy Yip,Australia,,2020,IMO
Gabriel Wu,United States,Harvard University,2024,ICPC
Gaoyuan Chen,United States,University of Southern California,2015,ICPC
Gediminas Lelesius,United Kingdom,University of Cambridge,2022,ICPC
Geoffry Song,Canada,University of Waterloo,2015,ICPC
George Chen,Canada,,2020,IOI
George Chichirim,United Kingdom,University of Oxford,2018,ICPC
George Han,New Zealand,,2015,IMO
George Mears,United Kingdom,,2019,IMO
George Zhou,United Kingdom,,2022,IMO
Golrokh Emami,United States,Stanford University,2020,ICPC
Gopal Goel,United States,,2020,IMO
Grace Chang,New Zealand,,2019,IMO
Grace Yuan,Australia,,2022,IMO
Grady Kenix,New Zealand,,2022,IMO
Grayden Price,Canada,University of Alberta,2021,ICPC
Gregory Zhang,Canada,University of British Columbia,2018,ICPC
Guanhan Li,New Zealand,,2024,IOI
Guowen Zhang,Australia,,2018,IMO
Hadi Yami,United States,University of Maryland,2017,ICPC
Hadyn Ka Ming Tang,Australia,,2021,IMO
Hadyn Tang,Australia,The Australian National University,2024,ICPC
Haibing Wang,Australia,,2021,IMO
Hamish Baguley,New Zealand,,2021,IMO
Hanjun Dai,United States,Georgia Institute of Technology,2015,ICPC
Hanks Chong,United Kingdom,,2023,IMO
Hao Chen,United States,University of California Los Angeles,2015,ICPC
Haolin Zhao,United Kingdom,,2024,IMO
Haomin Long,United States,Columbia University,2018,ICPC
Haoran Xu,United States,Massachusetts Institute of Technology,2017,ICPC
Haotian Wang,New Zealand,,2024,IMO
Haozhe Yang,Canada,,2023,IMO
Harris Leung,United Kingdom,University of Oxford,2024,ICPC
Harrison Weigel,United States,University of Chicago,2015,ICPC
Harun Gunaydin,United States,Drexel University,2019,ICPC
Harvey Yau,United Kingdom,,2018,IMO
He (James) Xu,New Zealand,,2022,IMO
Henry Xia,Canada,University of British Columbia,2020,ICPC
Hidenori Shinohara,United States,University of Minnesota - Twin Cities,2016,ICPC
Ho Ching Justin Cheng,United States,University of Southern California,2016,ICPC
Hoang Giap Vu,Australia,University of Melbourne,2023,ICPC
Howard Halim,Canada,,2018,IMO
Howard Loewe Halim,Canada,,2019,IMO
Hristo Venev,United Kingdom,University of Oxford,2017,ICPC
Huaye Jeff Lin,United States,,2023,IMO
Hubert Teo,United States,Stanford University,2018,ICPC
Hung li Chen,Canada,University of British Columbia,2016,ICPC
Huy Truong Nam Nguyen,United States,Harvard University,2018,ICPC
Ian DeHaan,Canada,University of Alberta,2022,ICPC
Ian Gottshall,United States,Iowa State University,2017,ICPC
Igor Durovic,United States,University of Utah,2020,ICPC
Ildar Gainullin,Canada,University of Waterloo,2021,ICPC
Ilia Kucherov,Australia,,2016,IMO
Ingkarat Rak-amnouykit,United States,University of Wisconsin - Madison,2017,ICPC
Innokentiy Kaurov,United States,Columbia University,2024,ICPC
Ioana-Maria Tamas,United States,Cornell University,2017,ICPC
Iris Xu,Australia,,2024,IMO
Isaac King,United Kingdom,,2024,IMO
Isaiah Iliffe,Australia,,2020,IOI
Ishan Nath,New Zealand,,2020,IMO
Ishraq Huda,Australia,,2015,IOI
Ivan Solovyev,New Zealand,,2020,IOI
Jackson Abascal,United States,University of Rochester,2017,ICPC
Jacob Coxon,United Kingdom,,2017,IMO
Jacob Jackson,Canada,University of Waterloo,2015,ICPC
Jacob Magnuson,United States,University of Central Florida,2022,ICPC
Jacob Perin,United States,Iowa State University,2017,ICPC
Jacob Smith,Australia,,2018,IOI
Jacob Smith,United States,Iowa State University,2016,ICPC
Jacob Steinebronn,United States,University of Central Florida,2023,ICPC
Jacob Teo,United States,Massachusetts Institute of Technology,2023,ICPC
Jacob Zhang,United States,University of California Los Angeles,2021,ICPC
Jake Silverman,United States,Cornell University,2016,ICPC
James Bang,Australia,,2019,IMO
James King,Australia,,2021,IOI
James Lin,United States,,2018,IMO
James Tan,United Kingdom,,2021,IOI
James Yang,Canada,,2022,IMO
Jason Cannon,Canada,University of Alberta,2021,ICPC
Jason Chi,Australia,,2021,IMO
Jason Chiu,Canada,University of British Columbia,2017,ICPC
Jason Li,United States,Carnegie Mellon University,2015,ICPC
Jason Liu,United States,University of California Los Angeles,2023,ICPC
Jason Yuen,Canada,University of Waterloo,2017,ICPC
Jason Zou,United States,University of Maryland,2018,ICPC
Jay Leeds,United States,Swarthmore College,2024,ICPC
Jay Zhao,New Zealand,,2024,IMO
Jeck Lim,United Kingdom,University of Cambridge,2019,ICPC
Jeffrey Chang,United States,Georgia Institute of Technology,2023,ICPC
Jeffrey Kwan,United States,,2020,IMO
Jeffrey Xiao,Canada,,2016,IOI
Jenni Voon,United Kingdom,,2021,IMO
Jeremy Archer,United States,University of Chicago,2015,ICPC
Jeremy Yip,Australia,,2015,IMO
Jerry Li,United States,University of California Irvine,2017,ICPC
Jerry Mao,Australia,,2018,IOI
Jerry Mao,United States,Massachusetts Institute of Technology,2021,ICPC
Jerry Zirui Li,Australia,,2023,IOI
Jesse Zhang,New Zealand,,2024,IOI
Jessica Wan,United States,,2024,IMO
Jiacheng Liu,United States,University of Illinois at Urbana-Champaign,2019,ICPC
Jiacheng Wu,Canada,University of Alberta,2022,ICPC
Jiahao Fu,United States,University of Illinois at Urbana-Champaign,2024,ICPC
Jiajie Lai,United States,Columbia University,2022,ICPC
Jian Wang,United States,Ohio State University,2016,ICPC
Jiangqi Dai,United States,Massachusetts Institute of Technology,2024,ICPC
Jiawei Li,United States,The University of Texas at Austin,2022,ICPC
Jingbang Chen,United States,Georgia Institute of Technology,2022,ICPC
Jinhao (Hunter) Xu,Canada,,2015,IMO
Jirayu Burapacheep,United States,University of Wisconsin - Madison,2020,ICPC
Jiyuan Qi,United States,University of Washington,2024,ICPC
Joakim Blikstad,Canada,University of Waterloo,2019,ICPC
Joe Benton,United Kingdom,,2017,IMO
Joel Gunawan,Canada,The University of British Columbia,2024,ICPC
Joey Yu,Canada,,2018,IOI
John Boswell,United States,University of Central Florida,2015,ICPC
Johnathan Leung,New Zealand,,2019,IMO
Johnny Ho,United States,Harvard University,2016,ICPC
Jon Schneider,United States,Princeton University,2015,ICPC
Jonathan Easterday,United States,Cedarville University,2017,ICPC
Jonathan Hsieh,United States,Northeastern University,2021,ICPC
Jonathan Khoo,New Zealand,,2016,IOI
Jonathon Sun,New Zealand,,2023,IOI
Jongmin Lim,Australia,,2016,IMO
Joon Young Seo,United States,University of Illinois at Urbana-Champaign,2015,ICPC
Jordan Lefkowitz,United States,,2024,IMO
Jose Carlos Vera-Garza,United States,Rice University,2016,ICPC
Joseph Benton,United Kingdom,,2017,IOI
Joseph Durie,United States,Rutgers University,2022,ICPC
Joseph Grace,New Zealand,,2020,IOI
Joseph Luo,Australia,UNSW Sydney,2024,ICPC
Joseph McKinsey,United States,Colorado School of Mines,2019,ICPC
Joseph Woodson,United States,Washington University in St. Louis,2017,ICPC
Joshua Alman,United States,Stanford University,2016,ICPC
Joshua Chen,Australia,,2022,IOI
Joshua Fair,United States,University of Central Florida,2020,ICPC
Joshua Lau,Australia,The University of New South Wales,2016,ICPC
Joshua Linge,United States,University of Central Florida,2017,ICPC
Joël Benjamin Huber,United Kingdom,University of Cambridge,2024,ICPC
Jun Xing Go,United States,University of Washington,2024,ICPC
JunYang (Michael) Ma,New Zealand,,2023,IMO
Jung Tao Cheng,United States,Stanford University,2024,ICPC
Junhua Chen,Australia,,2020,IOI
Junwen Tan,United States,University of Michigan at Ann Arbor,2021,ICPC
Junyao Peng,United States,,2017,IMO
Kacper Walentynowicz,United Kingdom,University of Cambridge,2020,ICPC
Kai Sun,Canada,,2016,IMO
Kaidi Yan,United States,Stanford University,2015,ICPC
Kaiheng Dai,United States,Columbia University,2022,ICPC
Kaixin Wang,Canada,,2023,IMO
Kaiyuan Liu,United States,University of Washington,2024,ICPC
Kalina Petrova,United States,Princeton University,2017,ICPC
Kangmin Tan,United States,University of Southern California,2020,ICPC
Kangning Wang,United States,Duke University,2019,ICPC
Karl Augsten,Canada,University of Calgary,2015,ICPC
Keiran Lewellen,New Zealand,,2018,IMO
Kenneth Schiller,United States,Carleton College,2015,ICPC
Kevin  Min,Canada,,2022,IMO
Kevin Cong,United States,,2022,IMO
Kevin Lee,United Kingdom,,2020,IOI
Kevin Min,Canada,,2021,IMO
Kevin Shen,New Zealand,,2016,IMO
Kevin Sun,Canada,,2016,IMO
Kevin Sun,United States,Massachusetts Institute of Technology,2019,ICPC
Kevin Tran,Australia,The University of New South Wales,2015,ICPC
Kevin Wan,Canada,University of Waterloo,2019,ICPC
Kevin Xian,Australia,,2016,IMO
Kevin Yang,United States,Columbia University,2024,ICPC
Keyhan Vakil,United States,University of California at Berkeley,2017,ICPC
Khang Phan,United States,University of Nebraska - Lincoln,2019,ICPC
Konstantin Miagkov,United States,University of California Los Angeles,2017,ICPC
Krishna Pothapragada,United States,,2024,IMO
Krittisak Chaiyakul,United States,University of Wisconsin - Madison,2017,ICPC
Kurtis Van Gent,United States,The University of South Dakota,2017,ICPC
Lan Dao,United States,University of Illinois at Urbana-Champaign,2019,ICPC
Lawrence Hollom,United Kingdom,,2016,IMO
Lawrence Wu,United States,University of Michigan at Ann Arbor,2018,ICPC
Lawry Sorenson,United States,Brigham Young University,2023,ICPC
Leo Feng,Canada,,2017,IOI
Liam Hill,United Kingdom,,2019,IMO
Liam Machado,United States,University of Utah,2016,ICPC
Liang Lyu,United States,Duke University,2020,ICPC
Liangjian Chen,United States,University of California Irvine,2017,ICPC
Lingxiao Li,United States,Stanford University,2015,ICPC
Linhan Yu,United States,Carnegie Mellon University,2023,ICPC
Linus Cooper,Australia,,2017,IMO
Linus Tang,United States,,2024,IMO
Loc Bui,United States,University of Rochester,2021,ICPC
Luca Araujo,United States,Carleton College,2023,ICPC
Lucas Knutson,United States,University of Minnesota - Twin Cities,2016,ICPC
Lucas Xia,United States,University of California Los Angeles,2021,ICPC
Lucca Siaudzionis,Canada,University of British Columbia,2018,ICPC
Luhang Lai,United States,University of California at Berkeley,2015,ICPC
Lukas Michel,United Kingdom,University of Oxford,2021,ICPC
Luke Robitaille,United States,,2022,IMO
Luke Videckis,United States,South Dakota School of Mines and Technology,2019,ICPC
Maayan Levy,New Zealand,,2020,IOI
Mahsa Derakhshan,United States,University of Maryland,2017,ICPC
Maja Trela,United Kingdom,University of Cambridge,2020,ICPC
Marcus Upton,United States,Messiah College,2015,ICPC
Marian Dietz,Canada,University of Waterloo,2022,ICPC
Marielle Foster,United States,Carleton College,2015,ICPC
Mark Wen,United States,The University of Texas at Austin,2024,ICPC
Marko Stanković,United Kingdom,University of Cambridge,2018,ICPC
Mars Xiang,Canada,,2023,IOI
Martin Anjie Luk,New Zealand,,2015,IMO
Marvin Mao,Canada,,2024,IMO
Matej Urban,United Kingdom,University of Cambridge,2024,ICPC
Matt Cotter,United States,Carleton College,2015,ICPC
Matthew Agar,Canada,University of Toronto,2023,ICPC
Matthew Baldin,United States,Colorado School of Mines,2019,ICPC
Matthew Cheah,Australia,,2017,IMO
Matthew Dyke,United States,South Dakota School of Mines and Technology,2017,ICPC
Matthew Gharrity,United States,Cornell University,2017,ICPC
Matthew Hillman,United Kingdom,,2016,IOI
Matthew Savage,United States,Carnegie Mellon University,2019,ICPC
Matthew Schallenkamp,United States,South Dakota School of Mines and Technology,2018,ICPC
Matthew Tran,United States,Texas A&M University,2021,ICPC
Max Jiang,Canada,University of Waterloo,2024,ICPC
Max Ward-Graham,Australia,The University of Western Australia,2016,ICPC
Maxim Li,United States,,2021,IMO
Maximus Lu,United States,,2023,IMO
Maxwell He,Canada,,2024,IOI
Maxwell Zen,United States,Harvard University,2024,ICPC
Maxwell Zhang,United States,Georgia Institute of Technology,2023,ICPC
Menghui Wang,United States,University of Wisconsin - Madison,2015,ICPC
Micah Stairs,Canada,Mount Allison University,2017,ICPC
Michael Chen,Australia,,2015,IOI
Michael Kirsche,United States,University of Central Florida,2016,ICPC
Michael Kural,United States,,2016,IMO
Michael Li,Canada,,2020,IMO
Michael Martis,Australia,The University of Western Australia,2015,ICPC
Michael Nematollahi,Canada,University of Toronto,2021,ICPC
Michael Pang,Canada,,2015,IMO
Michael Pfeifer,United States,South Dakota School of Mines and Technology,2019,ICPC
Michael Ren,United States,,2018,IMO
Michael Zhao,Australia,University of Melbourne,2022,ICPC
Michelle Chen,Australia,,2016,IMO
Mihai Andreescu,United States,University of Chicago,2016,ICPC
Mihai Popa,United Kingdom,Imperial College London,2016,ICPC
Mihail Jianu,United Kingdom,University of Oxford,2017,ICPC
Mihir Anand Singhal,United States,,2018,IMO
Mijia Jiang,United States,University of Minnesota - Twin Cities,2015,ICPC
Mikaeel Shah,United Kingdom,,2024,IMO
Mike Nguyen,United States,The University of Texas at Dallas,2023,ICPC
Miles Conway,Australia,,2023,IOI
Miles Yee-Cheng Lee,New Zealand,,2016,IMO
Milin Kodnongbua,United States,University of Washington,2022,ICPC
Ming Yang,Canada,,2024,IMO
Mingrui Liu,United States,University of Wisconsin-Madison,2022,ICPC
Mingyang Deng,United States,Massachusetts Institute of Technology,2022,ICPC
Minh Nguyen,United States,Purdue University,2022,ICPC
Miraziz Yusupov,United States,Virginia Tech,2015,ICPC
Misha Ivkov,United States,Stanford University,2023,ICPC
Mitchell Peterson,United States,The University of South Dakota,2017,ICPC
Mohammad Amin Ghiasi,United States,University of Maryland,2018,ICPC
Mohammad Huda,Australia,The University of New South Wales,2018,ICPC
Mohit Hulse,United Kingdom,,2022,IMO
Morgan Redshaw,Canada,University of Alberta,2017,ICPC
Moses Mayer,United States,Harvard University,2020,ICPC
Muthukurisil Arivoli,United States,Duke University,2020,ICPC
Naixin Zong,United States,Texas A&M University,2021,ICPC
Naomi Rubin,United States,Carnegie Mellon University,2016,ICPC
Natalie Longtin,United States,University of Central Florida,2023,ICPC
Nathan Chaney,United States,Messiah College,2015,ICPC
Nathan De Graaf,United States,Iowa State University,2016,ICPC
Nathan Fenner,United States,University of Michigan at Ann Arbor,2018,ICPC
Nathan Harold,United States,Cedarville University,2017,ICPC
Nathaniel Masfen-Yan,New Zealand,,2020,IMO
Nathanon Akkaraphab,United States,University of Washington,2022,ICPC
Neel Nanda,United Kingdom,,2017,IMO
Netanya Robinson,Australia,University of Melbourne,2022,ICPC
Nicholas Belov,United States,Rutgers University,2024,ICPC
Nicholas Grace,New Zealand,,2022,IOI
Nicholas McKinlay,New Zealand,,2024,IMO
Nicholas O'Callaghan,Australia,The University of Western Australia,2019,ICPC
Nicholas Sharp,United States,Virginia Tech,2015,ICPC
Nicholas Sun,Canada,,2018,IMO
Nicholas Winschel,United States,University of Virginia,2024,ICPC
Nick Merritt,United States,Rice University,2015,ICPC
Nikil Roashan Selvam,United States,University of California Los Angeles,2023,ICPC
Nikola Danevski,United States,University of Rochester,2020,ICPC
Nikolas Anderson,United States,University of Chicago,2016,ICPC
Nishant Bhakar,United States,"University of California, Berkeley",2023,ICPC
Nitit Jongsawatsataporn,United States,University of Wisconsin - Madison,2020,ICPC
Noah Walsh,United States,,2021,IMO
Noah Weninger,Canada,University of Alberta,2017,ICPC
Noble Mushtak,United States,Northeastern University,2021,ICPC
Ojas Gulati,United Kingdom,,2022,IOI
Oliver Fisher,Australia,The University of New South Wales,2018,ICPC
Oliver Flatt,United States,University of Utah,2020,ICPC
Omkar Bhalerao,United States,Cornell University,2024,ICPC
Pasha Khosravi,United States,University of California Irvine,2017,ICPC
Pasin Manurangsi,United States,University of California at Berkeley,2016,ICPC
Peiliang Liu,United States,New York University,2023,ICPC
Peilin Zhong,United States,Columbia University,2018,ICPC
Pengda Xiang,United States,University of Southern California,2019,ICPC
Pengning Chao,United States,Washington University in St. Louis,2017,ICPC
Pengsen Mao,Australia,UNSW Sydney,2021,ICPC
Peter Jin,United States,Purdue University,2022,ICPC
Peter Kwak,United States,The University of Texas at Dallas,2020,ICPC
Peter Steele,United States,Virginia Tech,2017,ICPC
Peter Whalan,Australia,Monash University,2017,ICPC
Peter Zhou,New Zealand,,2024,IOI
Phawin Prongpaophan,United States,University of Washington,2022,ICPC
Philip Anderson,New Zealand,,2015,IOI
Philip Taffet,United States,Rice University,2016,ICPC
Phillip Han,New Zealand,,2021,IMO
Phoebe Zhang,New Zealand,,2023,IOI
Phu Binh Nguyen,Canada,The University of British Columbia,2024,ICPC
Phuc Nguyen,Australia,University of Melbourne,2023,ICPC
Posdarascu Eugenie Daniel,United Kingdom,Imperial College London,2016,ICPC
Pranay Tankala,United States,Harvard University,2019,ICPC
Preet Patel,Australia,,2019,IMO
Prince Michael Balanay,New Zealand,,2015,IMO
Qi Qi,Canada,,2017,IMO
Qiao Zhang,United States,,2024,IMO
Qingchuan Zhang,New Zealand,The University of Auckland,2019,ICPC
Qinmao Zhang,United States,Rose-Hulman Institute of Technology,2018,ICPC
Qiushi Chen,New Zealand,,2022,IOI
Quang Anh Trinh,Australia,University of Melbourne,2023,ICPC
Quang Ong,Australia,University of Melbourne,2020,ICPC
Quanlin Chen,United States,,2021,IMO
Rachel Krohn,United States,South Dakota School of Mines and Technology,2016,ICPC
Radostin Chonev,United Kingdom,University of Oxford,2022,ICPC
Rafael Marinheiro,United States,Cornell University,2015,ICPC
Rafail Ketsetsidis,United States,Harvard University,2018,ICPC
Rahim Mammadli,Canada,The University of British Columbia,2021,ICPC
Ram Goel,United States,,2022,IMO
Ramasai Tadepalli,United States,University of Maryland,2018,ICPC
Ramazan Rakhmatullin,Canada,University of Waterloo,2023,ICPC
Ramchandra Apte,United States,University of Michigan at Ann Arbor,2021,ICPC
Ray Li,Australia,The University of New South Wales,2018,ICPC
Raymond Kang,United States,Carnegie Mellon University,2018,ICPC
Renato Ferreira Pinto Junior,Canada,University of Waterloo,2018,ICPC
Richard Gong,Australia,,2017,IOI
Richard Li,United States,Purdue University,2023,ICPC
Richard Wang,United States,University of Virginia,2024,ICPC
Rick Han,New Zealand,,2021,IMO
Ridge Shrubsall,Australia,The University of Western Australia,2018,ICPC
Riley Borgard,United States,Purdue University,2021,ICPC
Rishi Sankar,United States,University of California Los Angeles,2023,ICPC
Rodrigo Ornelas Vargas,United States,University of Pennsylvania,2017,ICPC
Rosie Cates,United Kingdom,,2017,IMO
Rowan Lee,United Kingdom,,2015,IOI
Ruichao Chen,United States,University of California at Berkeley,2017,ICPC
Ruihan Shan,United States,University of Illinois at Urbana-Champaign,2015,ICPC
Ruiming Xiong,Canada,,2017,IMO
Ruixin Qiang,United States,University of Southern California,2015,ICPC
Ruiying Wu,Australia,,2021,IMO
Ruizhou Yang,Canada,,2017,IMO
Runze Wang,United States,Swarthmore College,2024,ICPC
Ruohong Zhang,United States,Northwestern University,2017,ICPC
Ruoshi Dai,United States,The University of Texas at Austin,2022,ICPC
Ryan Alweiss,United States,,2015,IMO
Ryan Bai,Canada,,2024,IMO
Ryan King,New Zealand,,2018,IOI
Ryan Rice,United States,The University of Texas at Austin,2019,ICPC
Ryan Wang,Australia,,2019,IOI
Saathvik Selvan,United States,"University of California, Berkeley",2023,ICPC
Sakethnath Are,United States,Cornell University,2016,ICPC
Salih Bera Sogut,Canada,McGill University,2021,ICPC
Sam Bealing,United Kingdom,,2018,IMO
Sam Griffiths,United Kingdom,,2024,IMO
Sam Heil,United States,Washington University in St. Louis,2018,ICPC
Sampriti Panda,United States,Drexel University,2019,ICPC
Samuel Dobson,New Zealand,The University of Auckland,2019,ICPC
Samuel Kittle,United Kingdom,,2015,IMO
Samuel Liew,United Kingdom,,2021,IMO
Samuel Reinehr,United States,Colorado School of Mines,2019,ICPC
Samuel Sturge,United Kingdom,,2024,IMO
Samuel Trajtenberg,United Kingdom,,2024,IOI
Samuel Zachary,United States,University of Utah,2020,ICPC
Sauyon Lee,United Kingdom,University of Oxford,2017,ICPC
Scott Shi,United States,University of Chicago,2016,ICPC
Scott Wu,United States,Harvard University,2016,ICPC
Sean Liu,United States,University of Illinois at Urbana-Champaign,2022,ICPC
Sean Purcell,Canada,University of Waterloo,2019,ICPC
Seba Villalobos,United States,University of Central Florida,2022,ICPC
Sebastian Jeon,Canada,,2019,IMO
Seung Je Jung,New Zealand,,2016,IOI
Seyoon Ragavan,Australia,,2016,IMO
Shang Zhou,United States,University of California San Diego,2024,ICPC
Shaun Marshall,United Kingdom,,2018,IOI
Shayan Chashm Jahan,United States,University of Maryland,2024,ICPC
Sherman Yip,United Kingdom,,2020,IMO
Shirui Chen,United States,University of Wisconsin - Madison,2019,ICPC
Shuhao Tan,United States,University of Maryland,2017,ICPC
Shunping Xie,United States,University of Illinois at Urbana-Champaign,2018,ICPC
Shyam Narayanan,United States,,2015,IMO
Sichao Yang,United States,University of Wisconsin - Madison,2018,ICPC
Sida Li,United Kingdom,,2023,IMO
Siddhartha Jayanti,United States,Princeton University,2015,ICPC
Sina Dehghani,United States,University of Maryland,2015,ICPC
Siqiu Yao,United States,Cornell University,2018,ICPC
Siwakorn Srisakaokul,United States,University of Illinois at Urbana-Champaign,2016,ICPC
Siyong Huang,United States,Massachusetts Institute of Technology,2023,ICPC
Siyuan Cai,United States,Northwestern University,2015,ICPC
Sizhe Pan,Australia,,2023,IMO
Soheil Ehsani Banafati,United States,University of Maryland,2015,ICPC
Songwong Tasneeyapant,United States,University of Wisconsin - Madison,2017,ICPC
Sparsh Sanchorawala,United States,New York University,2023,ICPC
Spencer Compton,United States,Stanford University,2020,ICPC
Spencer Smith,United States,Brigham Young University,2023,ICPC
Stacey Tian,New Zealand,,2017,IMO
Stanisław Strzelecki,United States,University of California San Diego,2024,ICPC
Stanley Wei,United States,The University of Texas at Austin,2022,ICPC
Stefan Buliga,United Kingdom,University of Oxford,2021,ICPC
Stephen Royal,United States,University of Central Florida,2016,ICPC
Steven Hao,United States,Massachusetts Institute of Technology,2016,ICPC
Suchir Balaji,United States,University of California at Berkeley,2018,ICPC
Supawit Chockchowwat,United States,The University of Texas at Austin,2019,ICPC
Suraj Mathashery,United States,The University of Texas at Dallas,2023,ICPC
Swapnil Garg,United States,"University of California, Berkeley",2023,ICPC
Szu-Po Wang,United States,Massachusetts Institute of Technology,2015,ICPC
Tamio-Vesa Nakajima,United Kingdom,University of Oxford,2018,ICPC
Tanapoom Laoaron,United States,University of Wisconsin-Madison,2021,ICPC
Tanner Hoke,United States,Texas A&M University,2021,ICPC
Tao He,Australia,UNSW Sydney,2023,ICPC
Taokun Zheng,United States,California Institute of Technology,2016,ICPC
Tautvydas Jasiūnas,United Kingdom,University of Cambridge,2022,ICPC
Te Zhang,United States,Ohio State University,2016,ICPC
Temmie Yao,Australia,UNSW Sydney,2021,ICPC
Tenghao Li,United States,Cornell University,2024,ICPC
Theodore Vickery,Australia,The University of Western Australia,2019,ICPC
Thien Udomsrirungruang,United Kingdom,University of Oxford,2024,ICPC
Thien-Trung Vuong,Canada,McGill University,2021,ICPC
Thomas Draper,United States,Brigham Young University,2023,ICPC
Thomas Guo,Canada,,2021,IMO
Thomas Guo,United States,Massachusetts Institute of Technology,2023,ICPC
Thomas Kavanagh,United Kingdom,,2023,IMO
Thomas Li,United States,University of California San Diego,2023,ICPC
Thomas Lidbetter,Canada,Mount Allison University,2017,ICPC
Thomas Neill,United States,University of California Irvine,2024,ICPC
Thomas Read,United Kingdom,,2017,IOI
Thomas Yang,United States,Rutgers University,2024,ICPC
Tianci Wang,United States,University of Michigan at Ann Arbor,2017,ICPC
Tianwei Xu,United States,University of Illinois at Urbana-Champaign,2018,ICPC
Tianyi Chen,United States,University of Southern California,2020,ICPC
Tianze Jiang,United States,,2020,IMO
Timmy Yao,Australia,,2019,IOI
Timothy Buzzelli,United States,University of Central Florida,2018,ICPC
Timothy Mou,United States,Swarthmore College,2024,ICPC
Timothy Smith,United States,Cedarville University,2015,ICPC
Toby Collins,United Kingdom,,2022,IOI
Todor Markov,United States,Illinois Institute of Technology,2016,ICPC
Tom Hillman,United Kingdom,,2019,IMO
Tommy Walker Mackay,United Kingdom,,2020,IMO
Tong Li,United States,University of Illinois at Urbana-Champaign,2017,ICPC
Tony Yuzheng Wu,Australia,,2022,IMO
Trevor Boone,United States,Iowa State University,2015,ICPC
Trieu Hung Tran,United States,University of Nebraska - Lincoln,2019,ICPC
Trung Dang,United States,Purdue University,2023,ICPC
Tsingying Xu,Australia,UNSW Sydney,2024,ICPC
Tunan Shi,Australia,,2020,IOI
Tuong Le,United States,University of Michigan at Ann Arbor,2024,ICPC
Tyler Brazill,United States,University of Central Florida,2015,ICPC
Tyler Uhlenkamp,United States,Iowa State University,2015,ICPC
Vedant Kumud,United States,"University of California, Berkeley",2024,ICPC
Victor Chen,Canada,University of British Columbia,2020,ICPC
Victor Coen,New Zealand,,2024,IOI
Victor Cyril L Lecomte,United States,Columbia University,2019,ICPC
Victor Reis,United States,Cornell University,2016,ICPC
Victor Rong,Canada,,2019,IMO
Victor Tao,Canada,University of Toronto,2021,ICPC
Victor Xu,United States,Princeton University,2017,ICPC
Viktor Kozhuharov,United Kingdom,University of Oxford,2024,ICPC
Vincent Huang,United States,,2019,IMO
Vincent Ling,Canada,The University of British Columbia,2024,ICPC
Visit Pataranutaporn,United States,Rice University,2016,ICPC
Vladimir Maksimovski,United States,University of Rochester,2021,ICPC
Vladimir Milenkovic,United Kingdom,University of Cambridge,2021,ICPC
Volodymyr Lyubinets,Canada,University of Waterloo,2015,ICPC
Waitaya Krongapiradee,United States,University of California Irvine,2017,ICPC
Warren Bei,Canada,,2023,IMO
Warren Li,United Kingdom,,2016,IMO
Weiqiao Han,United States,University of California at Berkeley,2016,ICPC
Weiying Chen,Canada,University of Alberta,2022,ICPC
Wen Li Looi,Canada,University of Calgary,2015,ICPC
Wen Yuen Pang,Canada,University of Waterloo,2024,ICPC
Wenli Looi,United States,Stanford University,2019,ICPC
Wesley Leung,Canada,University of Waterloo,2021,ICPC
William Cheah,Australia,,2024,IMO
William Cooperman,United States,Carnegie Mellon University,2015,ICPC
William Fiset,Canada,Mount Allison University,2017,ICPC
William George Steinberg,Australia,,2020,IMO
William Han,New Zealand,,2019,IMO
William Hu,Australia,,2018,IMO
William Li,United States,University of Utah,2016,ICPC
William Thomson,United Kingdom,,2023,IMO
William Tsin,United States,Carnegie Mellon University,2023,ICPC
William Wang,United States,,2020,IMO
William Xi,United States,Stanford University,2023,ICPC
William Zhao,Canada,,2019,IMO
Wilson Zhao,Australia,,2016,IMO
Xi Yi,United States,University of Maryland,2015,ICPC
Xiang Wang,United States,Duke University,2019,ICPC
Xiangyue (Laura) Nan,Australia,,2024,IMO
Xiao Mao,United States,Massachusetts Institute of Technology,2021,ICPC
Xiaoou Zhou,United States,University of Rochester,2024,ICPC
Xifan Yu,United States,University of Chicago,2019,ICPC
Xin Gao,United States,University of California Los Angeles,2015,ICPC
Xin Wei Chow,Australia,Monash University,2017,ICPC
Xingfang Yuan,United States,Rose-Hulman Institute of Technology,2018,ICPC
Xingjian Bai,United Kingdom,University of Oxford,2023,ICPC
Xingyu Zhou,Canada,The University of British Columbia,2021,ICPC
Xingyuan Sun,United States,Princeton University,2019,ICPC
Xinpei Yu,United States,University of Southern California,2015,ICPC
Xinyu Wu,United States,Carnegie Mellon University,2016,ICPC
Xiyao Shi,United States,University of Illinois at Urbana-Champaign,2018,ICPC
Xuezhi Wang,Canada,,2024,IMO
Xutong Wang,New Zealand,,2018,IMO
Xuzhi Zhang,New Zealand,,2015,IMO
Yan (Bill) Huang,Canada,,2015,IMO
Yan Ji,United States,Cornell University,2018,ICPC
Yan Zou,United States,University of Rochester,2024,ICPC
Yang Liu,United States,Stanford University,2015,ICPC
Yang Song,Australia,,2015,IMO
Yasiru Jayasooriya,Australia,,2019,IMO
Yasiru Randiya Jayasooriya,Australia,,2020,IMO
Yen-Hsiang Chang,United States,University of Illinois at Urbana-Champaign,2020,ICPC
Yesung Jung,Canada,University of Waterloo,2018,ICPC
Yewen Fan,United States,University of Illinois at Urbana-Champaign,2017,ICPC
Yeyuan Chen,United States,University of Michigan at Ann Arbor,2024,ICPC
Yi Feng Huang,Canada,University of Waterloo,2016,ICPC
Yi Kuan Li,Canada,University of Waterloo,2017,ICPC
Yi Wu,United States,University of California at Berkeley,2015,ICPC
Yi Xiao Zhang,Canada,,2015,IOI
Yi Xu,United States,Cornell University,2020,ICPC
Yiannis Fam,New Zealand,,2017,IMO
Yibo Huang,United States,Virginia Tech,2020,ICPC
Yichen Huang,United Kingdom,University of Oxford,2023,ICPC
Yiding Feng,United States,Northwestern University,2017,ICPC
Yifan Liu,United States,University of Chicago,2019,ICPC
Yijie Wang,United States,Georgia Institute of Technology,2015,ICPC
Yijun Chen,United States,Carnegie Mellon University,2022,ICPC
Yikuan Li,Canada,,2016,IOI
Yilun Wu,United States,Rose-Hulman Institute of Technology,2018,ICPC
Ying Sheng,United States,Columbia University,2018,ICPC
Yinzhan Xu,United States,Massachusetts Institute of Technology,2019,ICPC
Yiquan Wang,United States,Carnegie Mellon University,2019,ICPC
Yordan Chaparov,United Kingdom,Imperial College London,2016,ICPC
Youngmin Park,United States,"University of California, Berkeley",2024,ICPC
Yu Gao,United States,Georgia Institute of Technology,2022,ICPC
Yuan Yao,United States,,2016,IMO
Yuanchen Du,Canada,University of British Columbia,2017,ICPC
Yuehui Wang,United States,University of Southern California,2016,ICPC
Yuetong Wang,United States,Stanford University,2018,ICPC
Yuheng Xu,United States,Duke University,2020,ICPC
Yui Hin Arvin Leung,United Kingdom,University of Cambridge,2021,ICPC
Yujie An,United States,University of Michigan at Ann Arbor,2015,ICPC
Yujin Wu,Australia,The University of New South Wales,2015,ICPC
Yuka Machino,United Kingdom,,2021,IMO
Yunpeng Tang,Canada,University of Alberta,2017,ICPC
Yuping Luo,United States,Princeton University,2019,ICPC
Yuting Zhang,United States,University of Illinois at Urbana-Champaign,2017,ICPC
Yuuki Sawanoi,United States,University of Illinois at Urbana-Champaign,2024,ICPC
Yuxiang Zhang,United States,Iowa State University,2017,ICPC
Yuxin Sun,United States,University of Wisconsin - Madison,2018,ICPC
Yuzhou Gu,United States,Massachusetts Institute of Technology,2017,ICPC
Zachary Chroman,United States,,2017,IMO
Zachary Felix,United States,Messiah College,2015,ICPC
Zachary Glick,United States,Washington University in St. Louis,2018,ICPC
Zachary Polansky,United States,University of Rochester,2017,ICPC
Zachary Smith,United Kingdom,,2019,IOI
Zack Lee,United States,Carnegie Mellon University,2021,ICPC
Zalan Varga,New Zealand,,2022,IOI
Zekun Li,United States,University of Southern California,2016,ICPC
Zexing Chen,United States,University of California San Diego,2024,ICPC
Zexuan Zhong,United States,University of Illinois at Urbana-Champaign,2019,ICPC
Zeyu Nie,United States,University of Rochester,2024,ICPC
Zeyu Wang,United States,Northwestern University,2015,ICPC
Zeyuan He,United States,University of Wisconsin - Madison,2019,ICPC
Zhan Xiong Chin,United States,University of Pennsylvania,2018,ICPC
Zhenwei Hu,United States,University of Illinois at Urbana-Champaign,2022,ICPC
Zhenxian Yang,United Kingdom,,2015,IOI
Zhenyuan Xiang,Canada,University of Toronto,2023,ICPC
Zhezheng Luo,United States,Massachusetts Institute of Technology,2020,ICPC
Zhiyuan Qi,New Zealand,,2020,IOI
Zhongtian Jiang,United States,Georgia Institute of Technology,2015,ICPC
Zhou Sun,United States,University of Michigan at Ann Arbor,2015,ICPC
Zhuo Qun (Alex) Song,Canada,,2015,IMO
Zhuolin Yang,United States,University of Illinois at Urbana-Champaign,2020,ICPC
Zian Shang,Australia,,2023,IMO
Zifan Wang,United States,,2021,IMO
Zihan Wang,United States,University of Illinois at Urbana-Champaign,2020,ICPC
Zimri Leisher,United States,Carleton College,2023,ICPC
Ziqian Zhong,United States,Massachusetts Institute of Technology,2024,ICPC
Zixiang Zhou,Canada,,2021,IMO
Zixiang Zhou,United States,Massachusetts Institute of Technology,2024,ICPC
Zixu He,Australia,UNSW Sydney,2024,ICPC
Zixuan Zhao,United States,University of Chicago,2019,ICPC
Ziyi Zhang,United States,University of Wisconsin-Madison,2020,ICPC
Ziyuan Zhang,United States,University of Wisconsin-Madison,2021,ICPC
Zoltán Molnár Sáska,United Kingdom,University of Cambridge,2019,ICPC
Zuohan Xiahou,United States,Washington University in St. Louis,2018,ICPC
